millis,stamp,datetime,accX,accY,accZ,gyroX,gyroY,gyroZ,compX,compY,compZ
2022011, 1184499605, "2007/7/15 11:40:5",  0,  118,  1003,  0,  -7,  -22,  -6,  -5,  -37
2022211, 1184499605, "2007/7/15 11:40:5",  4,  -13,  811,  -5,  0,  -20,  -5,  -5,  -38
2022411, 1184499605, "2007/7/15 11:40:5",  56,  56,  909,  -12,  -1,  -9,  -3,  -3,  -40
2022611, 1184499606, "2007/7/15 11:40:6",  34,  78,  1040,  -1,  7,  2,  -3,  -3,  -39
2022811, 1184499606, "2007/7/15 11:40:6",  -72,  11,  1026,  -7,  1,  5,  -1,  0,  -39
2023011, 1184499606, "2007/7/15 11:40:6",  -62,  41,  874,  -6,  4,  -2,  -3,  -1,  -40
2023211, 1184499606, "2007/7/15 11:40:6",  9,  -40,  809,  9,  11,  -5,  -1,  -1,  -41
2023411, 1184499606, "2007/7/15 11:40:6",  -16,  -56,  981,  5,  -6,  6,  0,  -3,  -38
2023611, 1184499607, "2007/7/15 11:40:7",  -43,  -12,  1173,  21,  -1,  8,  -1,  -4,  -37
2023811, 1184499607, "2007/7/15 11:40:7",  -178,  219,  1171,  3,  -19,  -3,  -2,  -7,  -36
2024011, 1184499607, "2007/7/15 11:40:7",  20,  280,  937,  -9,  -6,  -27,  -3,  -4,  -36
2024211, 1184499607, "2007/7/15 11:40:7",  89,  90,  773,  -7,  2,  -24,  0,  -4,  -38
2024411, 1184499607, "2007/7/15 11:40:7",  127,  15,  966,  -28,  -9,  3,  1,  0,  -40
2024611, 1184499608, "2007/7/15 11:40:8",  9,  -106,  1174,  -1,  10,  13,  -1,  0,  -40
2024811, 1184499608, "2007/7/15 11:40:8",  -147,  -92,  1136,  5,  6,  6,  1,  0,  -41
2025011, 1184499608, "2007/7/15 11:40:8",  -17,  53,  899,  15,  11,  -2,  2,  -3,  -39
2025211, 1184499608, "2007/7/15 11:40:8",  -12,  45,  866,  22,  -10,  -1,  1,  -3,  -37
2025411, 1184499608, "2007/7/15 11:40:8",  -42,  149,  1079,  0,  1,  -4,  1,  -5,  -38
2025611, 1184499609, "2007/7/15 11:40:9",  -75,  227,  1123,  -1,  -18,  -14,  0,  -5,  -38
2025811, 1184499609, "2007/7/15 11:40:9",  -31,  98,  935,  -15,  -4,  -30,  1,  -2,  -38
2026011, 1184499609, "2007/7/15 11:40:9",  119,  36,  755,  -7,  5,  -26,  4,  -1,  -40
2026211, 1184499609, "2007/7/15 11:40:9",  73,  -58,  940,  -9,  -9,  -5,  4,  1,  -39
2026411, 1184499609, "2007/7/15 11:40:9",  101,  -51,  1142,  1,  22,  5,  5,  1,  -41
2026611, 1184499610, "2007/7/15 11:40:10",  -106,  42,  1112,  12,  7,  6,  5,  1,  -39
2026811, 1184499610, "2007/7/15 11:40:10",  -122,  56,  923,  9,  6,  -7,  8,  0,  -39
2027011, 1184499610, "2007/7/15 11:40:10",  -134,  184,  841,  -4,  -10,  -23,  9,  -1,  -37
2027211, 1184499610, "2007/7/15 11:40:10",  -85,  126,  1029,  4,  -11,  -41,  9,  3,  -39
2027411, 1184499610, "2007/7/15 11:40:10",  21,  67,  1166,  -15,  -15,  -40,  10,  4,  -39
2027611, 1184499611, "2007/7/15 11:40:11",  146,  -7,  1104,  6,  -4,  -26,  10,  8,  -40
2027811, 1184499611, "2007/7/15 11:40:11",  54,  -26,  906,  1,  3,  -8,  11,  10,  -40
2028011, 1184499611, "2007/7/15 11:40:11",  50,  60,  904,  6,  13,  1,  12,  7,  -39
2028211, 1184499611, "2007/7/15 11:40:11",  -127,  105,  1061,  5,  6,  -2,  13,  8,  -38
2028411, 1184499611, "2007/7/15 11:40:11",  -168,  125,  1089,  -9,  -8,  -19,  13,  8,  -39
2028611, 1184499612, "2007/7/15 11:40:12",  -107,  50,  921,  0,  -14,  -36,  14,  12,  -38
2028811, 1184499612, "2007/7/15 11:40:12",  49,  7,  865,  -2,  -4,  -33,  14,  15,  -42
2029011, 1184499612, "2007/7/15 11:40:12",  107,  64,  1087,  2,  -27,  -11,  13,  17,  -42
2029211, 1184499612, "2007/7/15 11:40:12",  106,  -2,  1174,  10,  22,  0,  13,  16,  -42
2029411, 1184499612, "2007/7/15 11:40:12",  90,  76,  1007,  -3,  12,  19,  14,  16,  -41
2029611, 1184499613, "2007/7/15 11:40:13",  -42,  76,  824,  11,  23,  26,  15,  12,  -37
2029811, 1184499613, "2007/7/15 11:40:13",  -128,  130,  946,  -9,  -1,  16,  16,  10,  -38
2030011, 1184499613, "2007/7/15 11:40:13",  -235,  183,  1063,  -3,  6,  -13,  16,  10,  -36
2030211, 1184499613, "2007/7/15 11:40:13",  -139,  52,  1005,  -14,  -38,  -28,  15,  14,  -39
2030411, 1184499613, "2007/7/15 11:40:13",  41,  6,  930,  -8,  -10,  -36,  15,  17,  -41
2030611, 1184499614, "2007/7/15 11:40:14",  231,  31,  997,  2,  -10,  -9,  14,  20,  -41
2030811, 1184499614, "2007/7/15 11:40:14",  211,  -22,  1039,  2,  12,  28,  12,  20,  -42
2031011, 1184499614, "2007/7/15 11:40:14",  -8,  -15,  1020,  9,  14,  41,  12,  16,  -42
2031211, 1184499614, "2007/7/15 11:40:14",  -68,  82,  976,  22,  30,  30,  14,  10,  -37
2031411, 1184499614, "2007/7/15 11:40:14",  -54,  188,  897,  4,  16,  23,  16,  7,  -36
2031611, 1184499615, "2007/7/15 11:40:15",  -209,  241,  936,  -4,  -26,  8,  14,  5,  -37
2031811, 1184499615, "2007/7/15 11:40:15",  -211,  110,  1046,  -16,  -7,  -33,  12,  8,  -37
2032011, 1184499615, "2007/7/15 11:40:15",  -99,  62,  999,  -16,  -41,  -46,  13,  12,  -40
2032211, 1184499615, "2007/7/15 11:40:15",  234,  -51,  970,  7,  -15,  -33,  10,  15,  -42
2032411, 1184499615, "2007/7/15 11:40:15",  269,  47,  916,  -1,  8,  3,  10,  16,  -42
2032611, 1184499616, "2007/7/15 11:40:16",  198,  63,  854,  2,  19,  46,  10,  13,  -41
2032811, 1184499616, "2007/7/15 11:40:16",  10,  115,  1044,  3,  17,  60,  10,  11,  -41
2033011, 1184499616, "2007/7/15 11:40:16",  -169,  200,  1138,  8,  40,  35,  12,  6,  -39
2033211, 1184499616, "2007/7/15 11:40:16",  -90,  145,  995,  -11,  2,  22,  11,  3,  -36
2033411, 1184499616, "2007/7/15 11:40:16",  -192,  81,  806,  -20,  -14,  7,  11,  5,  -37
2033611, 1184499617, "2007/7/15 11:40:17",  -96,  -16,  1011,  -5,  -3,  -10,  11,  6,  -40
2033811, 1184499617, "2007/7/15 11:40:17",  -116,  -189,  1169,  6,  -38,  -6,  10,  6,  -41
2034011, 1184499617, "2007/7/15 11:40:17",  146,  -50,  1073,  12,  0,  3,  7,  5,  -40
2034211, 1184499617, "2007/7/15 11:40:17",  153,  64,  834,  31,  -1,  26,  5,  1,  -40
2034411, 1184499617, "2007/7/15 11:40:17",  97,  209,  844,  -7,  -2,  43,  4,  -2,  -38
2034611, 1184499618, "2007/7/15 11:40:18",  113,  308,  1055,  20,  33,  45,  1,  -6,  -38
2034811, 1184499618, "2007/7/15 11:40:18",  -85,  219,  1125,  -40,  8,  54,  -1,  -6,  -37
2035011, 1184499618, "2007/7/15 11:40:18",  -134,  139,  1060,  -16,  25,  32,  -4,  -3,  -39
2035211, 1184499618, "2007/7/15 11:40:18",  -213,  -173,  960,  -16,  -6,  21,  -4,  0,  -42
2035411, 1184499618, "2007/7/15 11:40:18",  -134,  -170,  940,  3,  -6,  18,  -7,  0,  -41
2035611, 1184499619, "2007/7/15 11:40:19",  -99,  -114,  947,  15,  -33,  20,  -9,  0,  -41
2035811, 1184499619, "2007/7/15 11:40:19",  58,  86,  994,  23,  -8,  20,  -14,  -5,  -36
2036011, 1184499619, "2007/7/15 11:40:19",  171,  73,  993,  21,  -14,  38,  -19,  -7,  -35
2036211, 1184499619, "2007/7/15 11:40:19",  201,  129,  900,  -2,  25,  59,  -23,  -5,  -34
2036411, 1184499619, "2007/7/15 11:40:19",  126,  100,  882,  14,  15,  89,  -25,  -2,  -34
2036611, 1184499620, "2007/7/15 11:40:20",  65,  105,  949,  5,  44,  97,  -30,  3,  -36
2036811, 1184499620, "2007/7/15 11:40:20",  -25,  230,  1027,  8,  27,  99,  -29,  10,  -36
2037011, 1184499620, "2007/7/15 11:40:20",  -67,  289,  1008,  -3,  30,  85,  -27,  18,  -40
2037211, 1184499620, "2007/7/15 11:40:20",  -160,  255,  917,  -23,  6,  62,  -25,  24,  -40
2037411, 1184499620, "2007/7/15 11:40:20",  -209,  124,  917,  -20,  0,  27,  -21,  32,  -41
2037611, 1184499621, "2007/7/15 11:40:21",  -102,  -64,  1076,  -25,  6,  6,  -21,  35,  -39
2037811, 1184499621, "2007/7/15 11:40:21",  -8,  -62,  1170,  -14,  -19,  18,  -20,  37,  -37
2038011, 1184499621, "2007/7/15 11:40:21",  -54,  -54,  1019,  9,  -24,  18,  -24,  41,  -35
2038211, 1184499621, "2007/7/15 11:40:21",  28,  -19,  841,  8,  1,  8,  -24,  42,  -36
2038411, 1184499621, "2007/7/15 11:40:21",  53,  87,  1016,  15,  -5,  18,  -23,  39,  -36
2038611, 1184499622, "2007/7/15 11:40:22",  159,  7,  1154,  18,  9,  34,  -22,  40,  -36
2038811, 1184499622, "2007/7/15 11:40:22",  -9,  201,  1045,  -7,  15,  43,  -17,  41,  -39
2039011, 1184499622, "2007/7/15 11:40:22",  24,  112,  875,  10,  16,  38,  -14,  42,  -40
2039211, 1184499622, "2007/7/15 11:40:22",  -160,  93,  930,  -10,  15,  31,  -8,  42,  -41
2039411, 1184499622, "2007/7/15 11:40:22",  -89,  41,  1060,  0,  -5,  18,  -6,  43,  -40
2039611, 1184499623, "2007/7/15 11:40:23",  -182,  111,  1039,  -15,  -11,  2,  -4,  44,  -38
2039811, 1184499623, "2007/7/15 11:40:23",  102,  -6,  984,  5,  -4,  -3,  -7,  45,  -38
2040011, 1184499623, "2007/7/15 11:40:23",  -9,  -29,  993,  -4,  -13,  13,  -8,  45,  -39
2040211, 1184499623, "2007/7/15 11:40:23",  151,  66,  939,  0,  3,  24,  -8,  45,  -37
2040411, 1184499623, "2007/7/15 11:40:23",  -6,  184,  874,  -8,  17,  31,  -3,  47,  -39
2040611, 1184499624, "2007/7/15 11:40:24",  -9,  3,  948,  4,  4,  36,  0,  45,  -37
2040811, 1184499624, "2007/7/15 11:40:24",  -225,  -118,  1116,  -1,  6,  28,  4,  45,  -38
2041011, 1184499624, "2007/7/15 11:40:24",  -196,  -33,  1068,  24,  -23,  15,  4,  44,  -39
2041211, 1184499624, "2007/7/15 11:40:24",  -22,  163,  934,  9,  -19,  1,  3,  40,  -40
2041411, 1184499624, "2007/7/15 11:40:24",  217,  350,  971,  -5,  -4,  11,  -1,  37,  -41
2041611, 1184499625, "2007/7/15 11:40:25",  259,  179,  1010,  -23,  13,  55,  4,  40,  -42
2041811, 1184499625, "2007/7/15 11:40:25",  41,  -61,  1005,  -18,  28,  75,  9,  41,  -39
2042011, 1184499625, "2007/7/15 11:40:25",  -206,  -52,  1020,  11,  28,  64,  15,  35,  -38
2042211, 1184499625, "2007/7/15 11:40:25",  -157,  123,  932,  4,  14,  47,  18,  31,  -37
2042411, 1184499625, "2007/7/15 11:40:25",  -220,  164,  923,  13,  -34,  26,  19,  23,  -38
2042611, 1184499626, "2007/7/15 11:40:26",  -112,  22,  1045,  1,  -7,  0,  16,  23,  -40
2042811, 1184499626, "2007/7/15 11:40:26",  34,  135,  1050,  -12,  -41,  4,  13,  22,  -41
2043011, 1184499626, "2007/7/15 11:40:26",  229,  133,  953,  -6,  7,  17,  10,  24,  -43
2043211, 1184499626, "2007/7/15 11:40:26",  156,  -8,  811,  -15,  13,  47,  13,  23,  -41
2043411, 1184499626, "2007/7/15 11:40:26",  14,  -64,  977,  -7,  9,  62,  14,  18,  -42
2043611, 1184499627, "2007/7/15 11:40:27",  -189,  -44,  1157,  26,  18,  49,  16,  15,  -38
2043811, 1184499627, "2007/7/15 11:40:27",  -148,  133,  1099,  3,  -7,  29,  13,  9,  -39
2044011, 1184499627, "2007/7/15 11:40:27",  -13,  149,  875,  13,  -7,  15,  12,  6,  -38
2044211, 1184499627, "2007/7/15 11:40:27",  14,  66,  961,  -9,  -19,  18,  9,  5,  -40
2044411, 1184499627, "2007/7/15 11:40:27",  83,  75,  1159,  -5,  1,  23,  6,  3,  -40
2044611, 1184499628, "2007/7/15 11:40:28",  69,  -37,  1115,  1,  3,  32,  5,  3,  -41
2044811, 1184499628, "2007/7/15 11:40:28",  110,  -45,  854,  9,  32,  40,  4,  0,  -38
2045011, 1184499628, "2007/7/15 11:40:28",  -95,  37,  746,  12,  6,  52,  6,  -2,  -38
2045211, 1184499628, "2007/7/15 11:40:28",  15,  127,  1072,  10,  10,  38,  0,  -4,  -36
2045411, 1184499628, "2007/7/15 11:40:28",  -271,  342,  1196,  -7,  -6,  13,  -1,  -9,  -35
2045611, 1184499629, "2007/7/15 11:40:29",  -15,  136,  1009,  -16,  -13,  -11,  -4,  -6,  -37
2045811, 1184499629, "2007/7/15 11:40:29",  -33,  83,  715,  -29,  -4,  -16,  -3,  -3,  -37
2046011, 1184499629, "2007/7/15 11:40:29",  150,  -39,  873,  -14,  -13,  2,  -3,  0,  -40
2046211, 1184499629, "2007/7/15 11:40:29",  80,  -148,  1157,  -13,  10,  21,  -3,  3,  -42
2046411, 1184499629, "2007/7/15 11:40:29",  -14,  -167,  1166,  22,  5,  31,  -5,  1,  -41
2046611, 1184499630, "2007/7/15 11:40:30",  -62,  6,  931,  27,  12,  27,  -6,  -3,  -39
2046811, 1184499630, "2007/7/15 11:40:30",  -19,  125,  831,  29,  6,  26,  -7,  -6,  -37
2047011, 1184499630, "2007/7/15 11:40:30",  -46,  294,  987,  0,  -22,  25,  -10,  -9,  -34
2047211, 1184499630, "2007/7/15 11:40:30",  -52,  321,  1119,  -8,  13,  -2,  -12,  -7,  -36
2047411, 1184499630, "2007/7/15 11:40:30",  42,  83,  1024,  -36,  -16,  -3,  -14,  -5,  -37
2047611, 1184499631, "2007/7/15 11:40:31",  -16,  -174,  941,  -1,  12,  0,  -11,  0,  -39
2047811, 1184499631, "2007/7/15 11:40:31",  -3,  -200,  901,  -9,  -11,  7,  -13,  -1,  -40
2048011, 1184499631, "2007/7/15 11:40:31",  1,  24,  955,  24,  11,  7,  -12,  -2,  -38
2048211, 1184499631, "2007/7/15 11:40:31",  -15,  178,  1075,  8,  -2,  9,  -12,  -3,  -38
2048411, 1184499631, "2007/7/15 11:40:31",  -3,  300,  1057,  -10,  4,  1,  -14,  -6,  -37
2048611, 1184499632, "2007/7/15 11:40:32",  -21,  72,  930,  -8,  3,  -7,  -15,  -4,  -39
2048811, 1184499632, "2007/7/15 11:40:32",  -65,  -53,  999,  -23,  2,  -6,  -12,  -2,  -39
2049011, 1184499632, "2007/7/15 11:40:32",  -71,  -89,  1170,  2,  -12,  -6,  -13,  0,  -40
2049211, 1184499632, "2007/7/15 11:40:32",  -148,  -92,  1089,  14,  -19,  -11,  -14,  1,  -41
2049411, 1184499632, "2007/7/15 11:40:32",  87,  -43,  856,  30,  -3,  -15,  -14,  -6,  -37
2049611, 1184499633, "2007/7/15 11:40:33",  13,  95,  816,  26,  3,  2,  -13,  -9,  -33
2049811, 1184499633, "2007/7/15 11:40:33",  296,  272,  1007,  3,  -6,  24,  -17,  -10,  -33
2050011, 1184499633, "2007/7/15 11:40:33",  -53,  486,  1050,  -12,  43,  30,  -14,  -9,  -34
2050211, 1184499633, "2007/7/15 11:40:33",  62,  146,  880,  -43,  9,  30,  -17,  -4,  -39
2050411, 1184499633, "2007/7/15 11:40:33",  -286,  5,  821,  -33,  31,  7,  -13,  0,  -40
2050611, 1184499634, "2007/7/15 11:40:34",  -161,  -363,  1007,  -16,  -17,  -1,  -15,  8,  -43
2050811, 1184499634, "2007/7/15 11:40:34",  -247,  -272,  1020,  21,  -6,  -1,  -14,  5,  -43
2051011, 1184499634, "2007/7/15 11:40:34",  59,  -53,  951,  35,  -32,  0,  -19,  2,  -40
2051211, 1184499634, "2007/7/15 11:40:34",  68,  207,  1041,  42,  -1,  5,  -19,  -3,  -35
2051411, 1184499634, "2007/7/15 11:40:34",  131,  299,  1044,  9,  -7,  25,  -21,  -8,  -32
2051611, 1184499635, "2007/7/15 11:40:35",  34,  330,  940,  -13,  19,  26,  -22,  -5,  -33
2051811, 1184499635, "2007/7/15 11:40:35",  -27,  225,  928,  -26,  9,  24,  -24,  -2,  -34
2052011, 1184499635, "2007/7/15 11:40:35",  -75,  -9,  1075,  -34,  20,  18,  -23,  4,  -37
2052211, 1184499635, "2007/7/15 11:40:35",  -166,  -162,  1110,  -19,  -8,  18,  -24,  11,  -39
2052411, 1184499635, "2007/7/15 11:40:35",  -116,  -224,  938,  17,  -8,  15,  -24,  12,  -39
2052611, 1184499636, "2007/7/15 11:40:36",  -39,  -4,  845,  8,  -2,  16,  -25,  9,  -40
2052811, 1184499636, "2007/7/15 11:40:36",  39,  133,  1022,  28,  -30,  23,  -29,  8,  -37
2053011, 1184499636, "2007/7/15 11:40:36",  57,  153,  1091,  7,  12,  24,  -32,  8,  -33
2053211, 1184499636, "2007/7/15 11:40:36",  104,  174,  950,  -7,  -10,  41,  -32,  10,  -34
2053411, 1184499636, "2007/7/15 11:40:36",  93,  82,  849,  -1,  40,  49,  -32,  14,  -37
2053611, 1184499637, "2007/7/15 11:40:37",  16,  68,  971,  -21,  4,  67,  -29,  21,  -36
2053811, 1184499637, "2007/7/15 11:40:37",  -144,  22,  1111,  18,  30,  56,  -26,  27,  -39
2054011, 1184499637, "2007/7/15 11:40:37",  -286,  62,  1074,  -10,  -18,  38,  -22,  29,  -40
2054211, 1184499637, "2007/7/15 11:40:37",  -127,  190,  855,  -3,  -11,  5,  -24,  32,  -37
2054411, 1184499637, "2007/7/15 11:40:37",  -30,  24,  890,  -3,  -24,  -2,  -27,  33,  -38
2054611, 1184499638, "2007/7/15 11:40:38",  176,  -9,  1109,  -15,  -6,  15,  -29,  34,  -36
2054811, 1184499638, "2007/7/15 11:40:38",  122,  -55,  1069,  8,  -9,  39,  -28,  35,  -33
2055011, 1184499638, "2007/7/15 11:40:38",  16,  -75,  826,  12,  15,  42,  -26,  37,  -35
2055211, 1184499638, "2007/7/15 11:40:38",  12,  96,  850,  18,  17,  45,  -19,  40,  -38
2055411, 1184499638, "2007/7/15 11:40:38",  -15,  120,  1055,  16,  1,  48,  -16,  39,  -39
2055611, 1184499639, "2007/7/15 11:40:39",  -61,  299,  1094,  -11,  11,  36,  -13,  39,  -39
2055811, 1184499639, "2007/7/15 11:40:39",  -32,  200,  921,  -14,  -7,  19,  -11,  43,  -39
2056011, 1184499639, "2007/7/15 11:40:39",  -58,  0,  934,  -18,  16,  11,  -9,  45,  -38
2056211, 1184499639, "2007/7/15 11:40:39",  31,  -149,  1169,  -14,  -8,  17,  -8,  46,  -36
2056411, 1184499639, "2007/7/15 11:40:39",  -71,  -107,  1149,  14,  9,  18,  -5,  48,  -36
2056611, 1184499640, "2007/7/15 11:40:40",  -77,  18,  921,  13,  -15,  17,  -5,  46,  -38
2056811, 1184499640, "2007/7/15 11:40:40",  -57,  150,  861,  11,  -12,  0,  -5,  44,  -38
2057011, 1184499640, "2007/7/15 11:40:40",  36,  192,  1093,  11,  10,  -9,  -6,  43,  -40
2057211, 1184499640, "2007/7/15 11:40:40",  196,  118,  1153,  -14,  -3,  15,  -6,  42,  -40
2057411, 1184499640, "2007/7/15 11:40:40",  -6,  72,  955,  -5,  24,  25,  -3,  44,  -39
2057611, 1184499641, "2007/7/15 11:40:41",  -119,  80,  786,  -20,  -4,  20,  1,  46,  -39
2057811, 1184499641, "2007/7/15 11:40:41",  -112,  -23,  928,  8,  26,  -6,  2,  48,  -37
2058011, 1184499641, "2007/7/15 11:40:41",  -156,  -68,  1115,  -9,  -15,  -9,  3,  45,  -36
2058211, 1184499641, "2007/7/15 11:40:41",  -10,  -8,  1089,  22,  -6,  -10,  2,  45,  -39
2058411, 1184499641, "2007/7/15 11:40:41",  -139,  121,  907,  2,  -39,  -15,  -3,  44,  -39
2058611, 1184499642, "2007/7/15 11:40:42",  85,  205,  834,  8,  0,  -37,  -8,  42,  -40
2058811, 1184499642, "2007/7/15 11:40:42",  -8,  154,  1015,  -2,  -9,  -23,  -10,  43,  -38
2059011, 1184499642, "2007/7/15 11:40:42",  318,  91,  1080,  -21,  12,  4,  -11,  41,  -39
2059211, 1184499642, "2007/7/15 11:40:42",  -46,  11,  983,  0,  18,  26,  -6,  45,  -38
2059411, 1184499642, "2007/7/15 11:40:42",  -79,  -48,  908,  -12,  5,  27,  -4,  46,  -38
2059611, 1184499643, "2007/7/15 11:40:43",  -289,  100,  1000,  12,  12,  3,  -1,  44,  -38
2059811, 1184499643, "2007/7/15 11:40:43",  -119,  22,  1049,  1,  -21,  -12,  -2,  48,  -38
2060011, 1184499643, "2007/7/15 11:40:43",  -1,  126,  1029,  -1,  -9,  -16,  -5,  45,  -39
2060211, 1184499643, "2007/7/15 11:40:43",  173,  22,  1012,  11,  -12,  4,  -7,  45,  -38
2060411, 1184499643, "2007/7/15 11:40:43",  42,  -8,  988,  0,  2,  22,  -6,  43,  -38
2060611, 1184499644, "2007/7/15 11:40:44",  74,  95,  978,  7,  13,  28,  -5,  44,  -39
2060811, 1184499644, "2007/7/15 11:40:44",  -31,  153,  984,  4,  16,  33,  -1,  42,  -40
2061011, 1184499644, "2007/7/15 11:40:44",  -22,  174,  981,  -13,  10,  31,  5,  41,  -40
2061211, 1184499644, "2007/7/15 11:40:44",  -164,  59,  1025,  -3,  2,  16,  6,  41,  -39
2061411, 1184499644, "2007/7/15 11:40:44",  -148,  -32,  1041,  -14,  -10,  4,  7,  42,  -39
2061611, 1184499645, "2007/7/15 11:40:45",  -21,  102,  952,  -8,  -8,  -2,  5,  43,  -37
2061811, 1184499645, "2007/7/15 11:40:45",  97,  14,  930,  3,  -11,  7,  5,  44,  -36
2062011, 1184499645, "2007/7/15 11:40:45",  73,  -48,  1059,  -3,  5,  20,  6,  44,  -40
2062211, 1184499645, "2007/7/15 11:40:45",  1,  -74,  1098,  19,  -3,  28,  8,  42,  -40
2062411, 1184499645, "2007/7/15 11:40:45",  -87,  110,  1008,  10,  5,  21,  10,  39,  -40
2062611, 1184499646, "2007/7/15 11:40:46",  74,  186,  915,  9,  12,  13,  10,  36,  -40
2062811, 1184499646, "2007/7/15 11:40:46",  -25,  134,  964,  -2,  -4,  19,  12,  33,  -40
2063011, 1184499646, "2007/7/15 11:40:46",  18,  -19,  1074,  -3,  12,  15,  11,  33,  -41
2063211, 1184499646, "2007/7/15 11:40:46",  -99,  54,  1064,  -3,  1,  12,  14,  33,  -40
2063411, 1184499646, "2007/7/15 11:40:46",  8,  88,  949,  1,  4,  7,  13,  33,  -39
2063611, 1184499647, "2007/7/15 11:40:47",  -57,  151,  912,  -11,  -2,  2,  15,  33,  -39
2063811, 1184499647, "2007/7/15 11:40:47",  -22,  91,  978,  -11,  -3,  -2,  14,  35,  -40
2064011, 1184499647, "2007/7/15 11:40:47",  -90,  -30,  1009,  -12,  -10,  -6,  13,  36,  -38
2064211, 1184499647, "2007/7/15 11:40:47",  -17,  -96,  961,  3,  -5,  -8,  12,  36,  -39
2064411, 1184499647, "2007/7/15 11:40:47",  -25,  -93,  938,  18,  -13,  -3,  10,  36,  -41
2064611, 1184499648, "2007/7/15 11:40:48",  61,  47,  1043,  15,  -4,  2,  10,  34,  -42
2064811, 1184499648, "2007/7/15 11:40:48",  69,  257,  1088,  14,  4,  8,  10,  30,  -41
2065011, 1184499648, "2007/7/15 11:40:48",  97,  243,  943,  -11,  19,  17,  11,  30,  -41
2065211, 1184499648, "2007/7/15 11:40:48",  -86,  139,  816,  -18,  2,  23,  14,  30,  -40
2065411, 1184499648, "2007/7/15 11:40:48",  -83,  -23,  1002,  -23,  17,  10,  13,  32,  -39
2065611, 1184499649, "2007/7/15 11:40:49",  -190,  -102,  1144,  -5,  -6,  5,  17,  33,  -38
2065811, 1184499649, "2007/7/15 11:40:49",  20,  -163,  1050,  13,  -6,  5,  15,  33,  -39
2066011, 1184499649, "2007/7/15 11:40:49",  21,  22,  929,  16,  -4,  13,  15,  30,  -39
2066211, 1184499649, "2007/7/15 11:40:49",  47,  114,  1076,  24,  -8,  25,  16,  25,  -40
2066411, 1184499649, "2007/7/15 11:40:49",  2,  171,  1141,  7,  8,  24,  14,  19,  -40
2066611, 1184499650, "2007/7/15 11:40:50",  4,  186,  1005,  -2,  6,  25,  16,  19,  -40
2066811, 1184499650, "2007/7/15 11:40:50",  7,  86,  838,  -11,  6,  25,  16,  17,  -39
2067011, 1184499650, "2007/7/15 11:40:50",  -65,  78,  925,  -12,  9,  25,  16,  15,  -38
2067211, 1184499650, "2007/7/15 11:40:50",  -127,  6,  1071,  -12,  -13,  19,  14,  17,  -39
2067411, 1184499650, "2007/7/15 11:40:50",  -177,  11,  1056,  -9,  -10,  4,  13,  16,  -42
2067611, 1184499651, "2007/7/15 11:40:51",  40,  -41,  954,  5,  -23,  1,  12,  16,  -42
2067811, 1184499651, "2007/7/15 11:40:51",  230,  -87,  949,  16,  24,  16,  12,  14,  -42
2068011, 1184499651, "2007/7/15 11:40:51",  239,  18,  934,  8,  10,  59,  13,  9,  -39
2068211, 1184499651, "2007/7/15 11:40:51",  1,  159,  991,  16,  5,  80,  9,  2,  -39
2068411, 1184499651, "2007/7/15 11:40:51",  -60,  334,  1016,  18,  42,  47,  7,  -2,  -36
2068611, 1184499652, "2007/7/15 11:40:52",  -97,  255,  889,  -31,  11,  35,  7,  -5,  -35
2068811, 1184499652, "2007/7/15 11:40:52",  -173,  126,  765,  -17,  -9,  23,  6,  -4,  -36
2069011, 1184499652, "2007/7/15 11:40:52",  -140,  -42,  1017,  -30,  5,  0,  3,  0,  -39
2069211, 1184499652, "2007/7/15 11:40:52",  -176,  23,  1134,  -15,  -26,  -9,  3,  2,  -39
2069411, 1184499652, "2007/7/15 11:40:52",  148,  -152,  1077,  10,  -10,  -6,  -1,  4,  -41
2069611, 1184499653, "2007/7/15 11:40:53",  15,  -72,  962,  16,  -11,  8,  0,  1,  -41
2069811, 1184499653, "2007/7/15 11:40:53",  166,  -40,  1051,  19,  -1,  21,  -5,  -1,  -40
2070011, 1184499653, "2007/7/15 11:40:53",  -21,  136,  1117,  23,  18,  26,  -5,  -6,  -38
2070211, 1184499653, "2007/7/15 11:40:53",  52,  145,  1012,  17,  8,  30,  -6,  -8,  -36
2070411, 1184499653, "2007/7/15 11:40:53",  -33,  176,  871,  5,  29,  26,  -5,  -9,  -34
2070611, 1184499654, "2007/7/15 11:40:54",  -69,  308,  908,  -25,  -12,  25,  -9,  -8,  -36
2070811, 1184499654, "2007/7/15 11:40:54",  -129,  211,  988,  -18,  21,  -9,  -9,  -5,  -37
2071011, 1184499654, "2007/7/15 11:40:54",  -136,  27,  950,  -45,  -28,  -18,  -7,  0,  -41
2071211, 1184499654, "2007/7/15 11:40:54",  13,  -187,  930,  -6,  0,  -19,  -8,  3,  -44
2071411, 1184499654, "2007/7/15 11:40:54",  37,  -245,  930,  5,  -22,  -7,  -9,  3,  -42
2071611, 1184499655, "2007/7/15 11:40:55",  137,  -106,  1007,  27,  6,  7,  -10,  0,  -40
2071811, 1184499655, "2007/7/15 11:40:55",  68,  102,  1142,  31,  -7,  23,  -12,  -3,  -38
2072011, 1184499655, "2007/7/15 11:40:55",  42,  210,  1120,  24,  28,  25,  -13,  -8,  -35
2072211, 1184499655, "2007/7/15 11:40:55",  106,  177,  899,  4,  26,  36,  -13,  -9,  -35
2072411, 1184499655, "2007/7/15 11:40:55",  -137,  208,  830,  -18,  -5,  40,  -15,  -7,  -34
2072611, 1184499656, "2007/7/15 11:40:56",  -100,  213,  1013,  -13,  27,  4,  -17,  -5,  -36
2072811, 1184499656, "2007/7/15 11:40:56",  -273,  47,  1052,  -30,  -25,  -14,  -15,  -1,  -39
2073011, 1184499656, "2007/7/15 11:40:56",  30,  -105,  970,  -15,  -2,  -20,  -18,  0,  -36
2073211, 1184499656, "2007/7/15 11:40:56",  -39,  -187,  852,  18,  -30,  -10,  -16,  0,  -39
2073411, 1184499656, "2007/7/15 11:40:56",  208,  -63,  931,  4,  3,  -1,  -20,  -2,  -36
2073611, 1184499657, "2007/7/15 11:40:57",  108,  165,  1120,  36,  -1,  25,  -18,  -5,  -37
2073811, 1184499657, "2007/7/15 11:40:57",  103,  90,  1097,  14,  34,  36,  -20,  -4,  -35
2074011, 1184499657, "2007/7/15 11:40:57",  -70,  287,  910,  -7,  15,  40,  -22,  -6,  -35
2074211, 1184499657, "2007/7/15 11:40:57",  -149,  147,  877,  1,  6,  17,  -23,  -2,  -36
2074411, 1184499657, "2007/7/15 11:40:57",  -209,  185,  936,  -32,  2,  -10,  -20,  -2,  -37
2074611, 1184499658, "2007/7/15 11:40:58",  -95,  -11,  1010,  -3,  -17,  -24,  -22,  1,  -38
2074811, 1184499658, "2007/7/15 11:40:58",  40,  -22,  1044,  -26,  -20,  -15,  -23,  2,  -39
2075011, 1184499658, "2007/7/15 11:40:58",  192,  67,  1030,  1,  3,  2,  -24,  3,  -39
2075211, 1184499658, "2007/7/15 11:40:58",  43,  -100,  958,  4,  -3,  24,  -23,  4,  -39
2075411, 1184499658, "2007/7/15 11:40:58",  7,  -86,  942,  11,  17,  28,  -25,  5,  -38
2075611, 1184499659, "2007/7/15 11:40:59",  -76,  60,  1078,  22,  9,  26,  -22,  5,  -40
2075811, 1184499659, "2007/7/15 11:40:59",  -41,  211,  1152,  12,  4,  21,  -24,  3,  -37
2076011, 1184499659, "2007/7/15 11:40:59",  -84,  254,  985,  -11,  -10,  11,  -26,  5,  -36
2076211, 1184499659, "2007/7/15 11:40:59",  -44,  71,  770,  -9,  -6,  -7,  -26,  6,  -37
2076411, 1184499659, "2007/7/15 11:40:59",  -32,  -30,  937,  -12,  2,  -7,  -25,  6,  -37
2076611, 1184499660, "2007/7/15 11:41:0",  63,  -78,  1163,  -5,  -16,  5,  -28,  9,  -37
2076811, 1184499660, "2007/7/15 11:41:0",  -38,  15,  1133,  7,  4,  6,  -30,  8,  -36
2077011, 1184499660, "2007/7/15 11:41:0",  -3,  -6,  896,  17,  -3,  7,  -29,  5,  -35
2077211, 1184499660, "2007/7/15 11:41:0",  -30,  85,  817,  3,  -3,  5,  -27,  6,  -36
2077411, 1184499660, "2007/7/15 11:41:0",  23,  134,  1022,  15,  8,  3,  -29,  6,  -36
2077611, 1184499661, "2007/7/15 11:41:1",  91,  190,  1134,  -16,  6,  11,  -28,  7,  -35
2077811, 1184499661, "2007/7/15 11:41:1",  43,  172,  1008,  -14,  26,  15,  -28,  8,  -38
2078011, 1184499661, "2007/7/15 11:41:1",  -157,  -41,  912,  -16,  -5,  14,  -28,  12,  -38
2078211, 1184499661, "2007/7/15 11:41:1",  -166,  -118,  1034,  -4,  15,  0,  -26,  14,  -38
2078411, 1184499661, "2007/7/15 11:41:1",  -163,  -53,  1057,  14,  -19,  -7,  -25,  12,  -39
2078611, 1184499662, "2007/7/15 11:41:2",  35,  107,  978,  6,  -10,  -9,  -27,  9,  -37
2078811, 1184499662, "2007/7/15 11:41:2",  43,  140,  899,  17,  -12,  -6,  -29,  9,  -36
2079011, 1184499662, "2007/7/15 11:41:2",  -18,  22,  901,  4,  -12,  2,  -30,  8,  -36
2079211, 1184499662, "2007/7/15 11:41:2",  65,  127,  1062,  -6,  7,  1,  -31,  7,  -36
2079411, 1184499662, "2007/7/15 11:41:2",  32,  229,  1146,  -7,  3,  7,  -29,  8,  -36
2079611, 1184499663, "2007/7/15 11:41:3",  47,  60,  993,  -20,  17,  14,  -30,  12,  -37
2079811, 1184499663, "2007/7/15 11:41:3",  -149,  -32,  868,  -12,  -2,  15,  -29,  14,  -38
2080011, 1184499663, "2007/7/15 11:41:3",  -105,  -174,  1064,  2,  8,  8,  -28,  17,  -37
2080211, 1184499663, "2007/7/15 11:41:3",  -128,  -21,  1217,  11,  -13,  4,  -28,  15,  -38
2080411, 1184499663, "2007/7/15 11:41:3",  20,  135,  1099,  19,  -9,  5,  -29,  15,  -38
2080611, 1184499664, "2007/7/15 11:41:4",  -68,  138,  828,  2,  -23,  5,  -30,  12,  -36
2080811, 1184499664, "2007/7/15 11:41:4",  196,  145,  789,  -7,  33,  3,  -33,  14,  -36
2081011, 1184499664, "2007/7/15 11:41:4",  26,  130,  983,  -11,  -11,  34,  -30,  16,  -38
2081211, 1184499664, "2007/7/15 11:41:4",  28,  -85,  1074,  -7,  28,  36,  -31,  23,  -37
2081411, 1184499664, "2007/7/15 11:41:4",  -285,  22,  1023,  -8,  -9,  25,  -27,  23,  -38
2081611, 1184499665, "2007/7/15 11:41:5",  -56,  -50,  876,  26,  12,  8,  -29,  26,  -38
2081811, 1184499665, "2007/7/15 11:41:5",  -120,  91,  936,  -10,  -24,  9,  -28,  25,  -38
2082011, 1184499665, "2007/7/15 11:41:5",  120,  167,  1101,  19,  -2,  7,  -30,  24,  -36
2082211, 1184499665, "2007/7/15 11:41:5",  -26,  82,  1113,  -12,  -20,  18,  -29,  23,  -37
2082411, 1184499665, "2007/7/15 11:41:5",  133,  90,  993,  -6,  30,  19,  -31,  28,  -34
2082611, 1184499666, "2007/7/15 11:41:6",  -12,  7,  950,  -7,  -6,  34,  -27,  30,  -38
2082811, 1184499666, "2007/7/15 11:41:6",  -52,  1,  955,  0,  22,  30,  -23,  34,  -36
2083011, 1184499666, "2007/7/15 11:41:6",  -234,  105,  946,  -5,  -21,  17,  -24,  35,  -39
2083211, 1184499666, "2007/7/15 11:41:6",  4,  8,  964,  12,  16,  -5,  -24,  35,  -38
2083411, 1184499666, "2007/7/15 11:41:6",  -76,  54,  1040,  -6,  -26,  6,  -23,  32,  -38
2083611, 1184499667, "2007/7/15 11:41:7",  176,  -8,  1053,  14,  10,  11,  -26,  35,  -37
2083811, 1184499667, "2007/7/15 11:41:7",  -66,  95,  983,  -6,  -9,  21,  -24,  35,  -38
2084011, 1184499667, "2007/7/15 11:41:7",  82,  100,  927,  10,  14,  18,  -23,  38,  -36
2084211, 1184499667, "2007/7/15 11:41:7",  -105,  142,  962,  -15,  2,  18,  -20,  39,  -37
2084411, 1184499667, "2007/7/15 11:41:7",  32,  97,  1057,  -5,  13,  13,  -19,  40,  -36
2084611, 1184499668, "2007/7/15 11:41:8",  -165,  12,  1061,  -16,  -11,  10,  -17,  44,  -38
2084811, 1184499668, "2007/7/15 11:41:8",  -53,  -66,  950,  -2,  -2,  0,  -19,  45,  -36
2085011, 1184499668, "2007/7/15 11:41:8",  -32,  -157,  865,  23,  -4,  0,  -19,  43,  -36
2085211, 1184499668, "2007/7/15 11:41:8",  101,  -103,  886,  20,  1,  12,  -19,  40,  -38
2085411, 1184499668, "2007/7/15 11:41:8",  70,  173,  995,  26,  -3,  30,  -18,  37,  -40
2085611, 1184499669, "2007/7/15 11:41:9",  -18,  333,  1100,  10,  5,  24,  -15,  36,  -40
2085811, 1184499669, "2007/7/15 11:41:9",  -85,  364,  1011,  -23,  8,  5,  -14,  37,  -40
2086011, 1184499669, "2007/7/15 11:41:9",  -107,  180,  871,  -37,  -8,  -12,  -14,  43,  -38
2086211, 1184499669, "2007/7/15 11:41:9",  -16,  -22,  996,  -38,  4,  -19,  -15,  45,  -35
2086411, 1184499669, "2007/7/15 11:41:9",  49,  -266,  1188,  -11,  -8,  -4,  -16,  50,  -32
2086611, 1184499670, "2007/7/15 11:41:10",  115,  -336,  1027,  24,  20,  9,  -14,  49,  -33
2086811, 1184499670, "2007/7/15 11:41:10",  -22,  -49,  694,  37,  5,  20,  -11,  44,  -38
2087011, 1184499670, "2007/7/15 11:41:10",  -20,  103,  870,  29,  -6,  17,  -11,  41,  -40
2087211, 1184499670, "2007/7/15 11:41:10",  -155,  510,  1143,  10,  9,  -9,  -12,  36,  -42
2087411, 1184499670, "2007/7/15 11:41:10",  -137,  378,  1088,  -21,  -38,  -39,  -15,  38,  -41
2087611, 1184499671, "2007/7/15 11:41:11",  36,  48,  827,  -29,  -1,  -65,  -20,  40,  -38
2087811, 1184499671, "2007/7/15 11:41:11",  19,  -8,  1019,  -17,  -40,  -38,  -23,  40,  -37
2088011, 1184499671, "2007/7/15 11:41:11",  261,  -109,  1110,  -13,  -3,  -16,  -30,  39,  -30
2088211, 1184499671, "2007/7/15 11:41:11",  166,  -27,  998,  11,  33,  5,  -28,  38,  -33
2088411, 1184499671, "2007/7/15 11:41:11",  124,  -95,  838,  14,  23,  33,  -23,  38,  -38
2088611, 1184499672, "2007/7/15 11:41:12",  -61,  81,  970,  21,  28,  39,  -18,  38,  -38
2088811, 1184499672, "2007/7/15 11:41:12",  -229,  317,  1120,  17,  9,  12,  -14,  36,  -42
2089011, 1184499672, "2007/7/15 11:41:12",  -265,  369,  1001,  -26,  -19,  -34,  -14,  35,  -41
2089211, 1184499672, "2007/7/15 11:41:12",  -19,  11,  773,  -5,  -12,  -69,  -21,  36,  -37
2089411, 1184499672, "2007/7/15 11:41:12",  -104,  -48,  1043,  -19,  -37,  -53,  -25,  34,  -37
2089611, 1184499673, "2007/7/15 11:41:13",  252,  7,  1153,  9,  -23,  -36,  -34,  31,  -32
2089811, 1184499673, "2007/7/15 11:41:13",  122,  23,  1015,  18,  13,  -17,  -34,  27,  -35
2090011, 1184499673, "2007/7/15 11:41:13",  197,  122,  789,  -4,  27,  18,  -32,  26,  -36
2090211, 1184499673, "2007/7/15 11:41:13",  0,  108,  932,  5,  7,  37,  -25,  29,  -37
2090411, 1184499673, "2007/7/15 11:41:13",  -135,  147,  1189,  -6,  45,  20,  -24,  32,  -40
2090611, 1184499674, "2007/7/15 11:41:14",  -247,  140,  1179,  -14,  -16,  1,  -20,  33,  -40
2090811, 1184499674, "2007/7/15 11:41:14",  -265,  -41,  884,  0,  -21,  -23,  -22,  34,  -39
2091011, 1184499674, "2007/7/15 11:41:14",  48,  -38,  803,  -6,  -18,  -29,  -29,  34,  -35
2091211, 1184499674, "2007/7/15 11:41:14",  73,  65,  1040,  19,  -17,  -8,  -29,  30,  -36
2091411, 1184499674, "2007/7/15 11:41:14",  303,  85,  1067,  -5,  0,  23,  -32,  30,  -34
2091611, 1184499675, "2007/7/15 11:41:15",  -13,  145,  880,  5,  25,  40,  -27,  30,  -36
2091811, 1184499675, "2007/7/15 11:41:15",  -31,  -36,  839,  -2,  2,  43,  -25,  37,  -38
2092011, 1184499675, "2007/7/15 11:41:15",  -209,  132,  1098,  0,  27,  26,  -20,  38,  -39
2092211, 1184499675, "2007/7/15 11:41:15",  -132,  48,  1173,  10,  -23,  12,  -19,  39,  -38
2092411, 1184499675, "2007/7/15 11:41:15",  -125,  68,  969,  -13,  -10,  0,  -20,  40,  -37
2092611, 1184499676, "2007/7/15 11:41:16",  82,  36,  776,  7,  -28,  1,  -23,  39,  -36
2092811, 1184499676, "2007/7/15 11:41:16",  194,  -49,  1016,  3,  30,  15,  -22,  39,  -35
2093011, 1184499676, "2007/7/15 11:41:16",  333,  21,  1189,  -6,  10,  67,  -18,  41,  -36
2093211, 1184499676, "2007/7/15 11:41:16",  -89,  186,  1077,  26,  36,  81,  -10,  42,  -39
2093411, 1184499676, "2007/7/15 11:41:16",  -145,  260,  985,  -5,  3,  55,  -2,  42,  -42
2093611, 1184499677, "2007/7/15 11:41:17",  -191,  303,  837,  -3,  20,  7,  2,  41,  -40
2093811, 1184499677, "2007/7/15 11:41:17",  -88,  13,  913,  -25,  -22,  -6,  2,  45,  -41
2094011, 1184499677, "2007/7/15 11:41:17",  -45,  -43,  1063,  -16,  0,  -9,  0,  46,  -38
2094211, 1184499677, "2007/7/15 11:41:17",  42,  -51,  1058,  -5,  -36,  -1,  -4,  48,  -36
2094411, 1184499677, "2007/7/15 11:41:17",  117,  -48,  927,  10,  20,  0,  -4,  47,  -39
2094611, 1184499678, "2007/7/15 11:41:18",  80,  57,  919,  6,  -5,  25,  -3,  46,  -40
2094811, 1184499678, "2007/7/15 11:41:18",  81,  -10,  1014,  19,  18,  34,  0,  45,  -39
2095011, 1184499678, "2007/7/15 11:41:18",  -118,  163,  1093,  1,  13,  33,  5,  42,  -40
2095211, 1184499678, "2007/7/15 11:41:18",  -107,  178,  1026,  12,  1,  17,  7,  40,  -41
2095411, 1184499678, "2007/7/15 11:41:18",  -154,  127,  833,  -15,  -8,  -2,  8,  40,  -41
2095611, 1184499679, "2007/7/15 11:41:19",  -72,  156,  739,  -19,  -17,  -15,  5,  43,  -39
2095811, 1184499679, "2007/7/15 11:41:19",  -70,  -24,  917,  -6,  -25,  -24,  3,  44,  -39
2096011, 1184499679, "2007/7/15 11:41:19",  69,  -119,  1134,  -6,  -5,  -15,  -2,  46,  -38
2096211, 1184499679, "2007/7/15 11:41:19",  208,  -17,  1102,  21,  -8,  10,  -3,  44,  -39
2096411, 1184499679, "2007/7/15 11:41:19",  59,  159,  892,  4,  14,  30,  -3,  43,  -39
2096611, 1184499680, "2007/7/15 11:41:20",  100,  186,  968,  7,  24,  40,  4,  39,  -40
2096811, 1184499680, "2007/7/15 11:41:20",  -87,  159,  1191,  -15,  20,  40,  10,  39,  -41
2097011, 1184499680, "2007/7/15 11:41:20",  -111,  84,  1134,  2,  24,  27,  11,  39,  -39
2097211, 1184499680, "2007/7/15 11:41:20",  -135,  125,  851,  -32,  -6,  19,  16,  40,  -36
2097411, 1184499680, "2007/7/15 11:41:20",  -25,  -107,  823,  22,  -7,  2,  14,  38,  -37
2097611, 1184499681, "2007/7/15 11:41:21",  -202,  -241,  1116,  -18,  -3,  4,  16,  39,  -36
2097811, 1184499681, "2007/7/15 11:41:21",  138,  5,  1141,  43,  -15,  7,  11,  35,  -39
2098011, 1184499681, "2007/7/15 11:41:21",  -113,  162,  1007,  25,  -22,  13,  11,  31,  -41
2098211, 1184499681, "2007/7/15 11:41:21",  136,  354,  871,  -9,  2,  5,  9,  29,  -43
2098411, 1184499681, "2007/7/15 11:41:21",  -2,  183,  916,  7,  7,  4,  10,  28,  -42
2098611, 1184499682, "2007/7/15 11:41:22",  106,  26,  1009,  -45,  3,  18,  10,  29,  -41
2098811, 1184499682, "2007/7/15 11:41:22",  1,  110,  980,  -12,  26,  24,  14,  32,  -39
2099011, 1184499682, "2007/7/15 11:41:22",  -76,  -59,  851,  -25,  3,  30,  16,  34,  -37
2099211, 1184499682, "2007/7/15 11:41:22",  -157,  -24,  943,  4,  3,  20,  18,  32,  -38
2099411, 1184499682, "2007/7/15 11:41:22",  -234,  -299,  1048,  26,  -10,  12,  18,  30,  -36
2099611, 1184499683, "2007/7/15 11:41:23",  -26,  -14,  1002,  17,  -18,  10,  16,  24,  -39
2099811, 1184499683, "2007/7/15 11:41:23",  75,  240,  1005,  37,  -19,  16,  12,  20,  -41
2100011, 1184499683, "2007/7/15 11:41:23",  164,  330,  1024,  -10,  -7,  28,  11,  16,  -40
2100211, 1184499683, "2007/7/15 11:41:23",  172,  310,  912,  -18,  26,  43,  11,  14,  -42
2100411, 1184499683, "2007/7/15 11:41:23",  50,  21,  917,  -27,  26,  65,  13,  15,  -40
2100611, 1184499684, "2007/7/15 11:41:24",  -161,  -99,  1113,  -7,  29,  62,  15,  11,  -39
2100811, 1184499684, "2007/7/15 11:41:24",  -305,  -47,  1087,  15,  2,  43,  14,  6,  -37
2101011, 1184499684, "2007/7/15 11:41:24",  -65,  77,  828,  11,  -4,  24,  12,  2,  -37
2101211, 1184499684, "2007/7/15 11:41:24",  -108,  216,  840,  3,  -28,  20,  10,  -2,  -36
2101411, 1184499684, "2007/7/15 11:41:24",  70,  162,  1102,  -5,  -20,  11,  6,  -1,  -39
2101611, 1184499685, "2007/7/15 11:41:25",  -18,  142,  1118,  -29,  -10,  12,  3,  0,  -39
2101811, 1184499685, "2007/7/15 11:41:25",  180,  -103,  962,  -1,  5,  21,  1,  4,  -41
2102011, 1184499685, "2007/7/15 11:41:25",  8,  -89,  852,  -9,  22,  30,  1,  -1,  -40
2102211, 1184499685, "2007/7/15 11:41:25",  56,  -70,  1067,  13,  -4,  39,  -1,  1,  -40
2102411, 1184499685, "2007/7/15 11:41:25",  -205,  88,  1214,  20,  15,  27,  0,  -3,  -39
2102611, 1184499686, "2007/7/15 11:41:26",  -100,  115,  1091,  15,  -21,  9,  -5,  -5,  -37
2102811, 1184499686, "2007/7/15 11:41:26",  -51,  149,  831,  4,  -8,  -9,  -6,  -7,  -36
2103011, 1184499686, "2007/7/15 11:41:26",  83,  190,  924,  0,  -14,  -6,  -7,  -8,  -36
2103211, 1184499686, "2007/7/15 11:41:26",  165,  172,  1069,  -24,  -1,  8,  -8,  -6,  -36
2103411, 1184499686, "2007/7/15 11:41:26",  92,  116,  1032,  -22,  21,  20,  -8,  -4,  -39
2103611, 1184499687, "2007/7/15 11:41:27",  -15,  -140,  931,  -5,  20,  23,  -6,  -1,  -40
2103811, 1184499687, "2007/7/15 11:41:27",  -199,  -75,  944,  -4,  17,  16,  -6,  -2,  -42
2104011, 1184499687, "2007/7/15 11:41:27",  -187,  -4,  987,  18,  -17,  -1,  -7,  -3,  -41
2104211, 1184499687, "2007/7/15 11:41:27",  -180,  70,  967,  10,  -8,  -24,  -7,  -3,  -40
2104411, 1184499687, "2007/7/15 11:41:27",  98,  66,  961,  24,  -19,  -29,  -6,  -5,  -37
2104611, 1184499688, "2007/7/15 11:41:28",  26,  95,  1082,  8,  -23,  -14,  -6,  -7,  -37
2104811, 1184499688, "2007/7/15 11:41:28",  136,  226,  1116,  -8,  1,  -9,  -7,  -6,  -35
2105011, 1184499688, "2007/7/15 11:41:28",  33,  168,  952,  -6,  11,  -7,  -5,  -6,  -36
2105211, 1184499688, "2007/7/15 11:41:28",  112,  60,  757,  -25,  23,  5,  -4,  -5,  -38
2105411, 1184499688, "2007/7/15 11:41:28",  -57,  12,  860,  -14,  10,  15,  -2,  -3,  -38
2105611, 1184499689, "2007/7/15 11:41:29",  -152,  -45,  1170,  -14,  12,  6,  -2,  -1,  -42
2105811, 1184499689, "2007/7/15 11:41:29",  -264,  -82,  1182,  9,  -14,  -11,  -1,  1,  -41
2106011, 1184499689, "2007/7/15 11:41:29",  -47,  -130,  914,  25,  -18,  -17,  -3,  -1,  -40
2106211, 1184499689, "2007/7/15 11:41:29",  69,  156,  841,  4,  -10,  -11,  -3,  -5,  -37
2106411, 1184499690, "2007/7/15 11:41:30",  131,  254,  1075,  28,  -15,  6,  -4,  -5,  -37
2106611, 1184499690, "2007/7/15 11:41:30",  0,  146,  1122,  -22,  5,  14,  -8,  -7,  -37
2106811, 1184499690, "2007/7/15 11:41:30",  -12,  124,  960,  -13,  4,  11,  -6,  -5,  -38
2107011, 1184499690, "2007/7/15 11:41:30",  -28,  -90,  930,  -2,  14,  12,  -5,  -3,  -41
2107211, 1184499690, "2007/7/15 11:41:30",  17,  -33,  1063,  -15,  -1,  22,  -7,  -2,  -41
2107411, 1184499690, "2007/7/15 11:41:30",  -58,  16,  1069,  22,  8,  25,  -10,  -3,  -40
2107611, 1184499691, "2007/7/15 11:41:31",  -71,  0,  932,  6,  -8,  24,  -12,  -3,  -37
2107811, 1184499691, "2007/7/15 11:41:31",  -21,  166,  838,  9,  8,  16,  -12,  -6,  -37
2108011, 1184499691, "2007/7/15 11:41:31",  14,  188,  963,  -7,  -13,  20,  -14,  -6,  -38
2108211, 1184499691, "2007/7/15 11:41:31",  77,  139,  1025,  -17,  17,  22,  -16,  -4,  -37
2108411, 1184499691, "2007/7/15 11:41:31",  -17,  -80,  972,  -7,  2,  30,  -16,  -2,  -39
2108611, 1184499692, "2007/7/15 11:41:32",  -88,  -155,  870,  4,  13,  29,  -17,  1,  -39
2108811, 1184499692, "2007/7/15 11:41:32",  -112,  -30,  917,  14,  -7,  26,  -20,  0,  -38
2109011, 1184499692, "2007/7/15 11:41:32",  -66,  126,  1104,  21,  1,  15,  -20,  0,  -36
2109211, 1184499692, "2007/7/15 11:41:32",  51,  177,  1123,  5,  -20,  15,  -23,  -1,  -36
2109411, 1184499692, "2007/7/15 11:41:32",  76,  189,  938,  -7,  12,  14,  -26,  0,  -35
2109611, 1184499693, "2007/7/15 11:41:33",  113,  152,  856,  -21,  13,  29,  -24,  3,  -37
2109811, 1184499693, "2007/7/15 11:41:33",  -39,  83,  1124,  -20,  3,  36,  -25,  6,  -39
2110011, 1184499693, "2007/7/15 11:41:33",  -312,  -69,  1252,  -7,  10,  11,  -26,  12,  -39
2110211, 1184499693, "2007/7/15 11:41:33",  -247,  -145,  1018,  2,  -31,  -4,  -25,  12,  -39
2110411, 1184499694, "2007/7/15 11:41:34",  61,  -61,  705,  20,  -4,  -9,  -29,  9,  -36
2110611, 1184499694, "2007/7/15 11:41:34",  72,  74,  967,  19,  -29,  14,  -31,  7,  -34
2110811, 1184499694, "2007/7/15 11:41:34",  330,  242,  1178,  2,  23,  35,  -33,  8,  -31
2111011, 1184499694, "2007/7/15 11:41:34",  59,  304,  1042,  -12,  22,  51,  -31,  13,  -36
2111211, 1184499694, "2007/7/15 11:41:34",  -120,  -49,  784,  -1,  22,  44,  -30,  17,  -36
2111411, 1184499695, "2007/7/15 11:41:35",  -184,  8,  853,  -8,  26,  26,  -28,  23,  -39
2111611, 1184499695, "2007/7/15 11:41:35",  -276,  -23,  1035,  10,  -1,  5,  -23,  25,  -41
2111811, 1184499695, "2007/7/15 11:41:35",  -98,  102,  1106,  -8,  -22,  -13,  -28,  22,  -39
2112011, 1184499695, "2007/7/15 11:41:35",  -116,  104,  997,  11,  -37,  -24,  -30,  22,  -37
2112211, 1184499695, "2007/7/15 11:41:35",  184,  -45,  881,  5,  -17,  -24,  -33,  17,  -32
2112411, 1184499696, "2007/7/15 11:41:36",  113,  71,  939,  11,  5,  1,  -35,  14,  -34
2112611, 1184499696, "2007/7/15 11:41:36",  374,  69,  963,  -2,  8,  36,  -35,  15,  -33
2112811, 1184499696, "2007/7/15 11:41:36",  2,  182,  952,  7,  49,  60,  -30,  20,  -36
2113011, 1184499696, "2007/7/15 11:41:36",  -8,  93,  1010,  -1,  16,  63,  -26,  26,  -39
2113211, 1184499696, "2007/7/15 11:41:36",  -318,  293,  1044,  -5,  32,  31,  -20,  28,  -42
2113411, 1184499697, "2007/7/15 11:41:37",  -193,  117,  1007,  -13,  -21,  0,  -21,  32,  -40
2113611, 1184499697, "2007/7/15 11:41:37",  -252,  22,  923,  -25,  -15,  -22,  -22,  33,  -40
2113811, 1184499697, "2007/7/15 11:41:37",  36,  -16,  995,  -3,  -40,  -21,  -28,  34,  -35
2114011, 1184499697, "2007/7/15 11:41:37",  151,  -29,  1111,  6,  -9,  -4,  -30,  33,  -34
2114211, 1184499697, "2007/7/15 11:41:37",  226,  37,  1067,  1,  -7,  33,  -32,  33,  -33
2114411, 1184499698, "2007/7/15 11:41:38",  62,  4,  860,  17,  19,  49,  -28,  35,  -33
2114611, 1184499698, "2007/7/15 11:41:38",  5,  76,  846,  8,  12,  53,  -24,  36,  -36
2114811, 1184499698, "2007/7/15 11:41:38",  7,  145,  1054,  20,  29,  52,  -18,  39,  -38
2115011, 1184499698, "2007/7/15 11:41:38",  -45,  136,  1147,  -4,  2,  55,  -13,  41,  -40
2115211, 1184499698, "2007/7/15 11:41:38",  -94,  201,  1028,  -5,  13,  38,  -9,  43,  -41
2115411, 1184499699, "2007/7/15 11:41:39",  -99,  111,  831,  -9,  3,  26,  -5,  44,  -40
2115611, 1184499699, "2007/7/15 11:41:39",  -88,  121,  799,  -34,  -11,  18,  -3,  46,  -39
2115811, 1184499699, "2007/7/15 11:41:39",  -82,  -16,  1045,  4,  -3,  4,  -4,  49,  -38
2116011, 1184499699, "2007/7/15 11:41:39",  -15,  -298,  1198,  0,  -12,  8,  -3,  49,  -36
2116211, 1184499699, "2007/7/15 11:41:39",  57,  -130,  1047,  37,  1,  18,  -2,  45,  -40
2116411, 1184499700, "2007/7/15 11:41:40",  -4,  124,  790,  27,  -18,  26,  -3,  41,  -41
2116611, 1184499700, "2007/7/15 11:41:40",  90,  439,  940,  7,  14,  11,  -3,  37,  -42
2116811, 1184499700, "2007/7/15 11:41:40",  41,  421,  1006,  -16,  0,  8,  -1,  37,  -42
2117011, 1184499700, "2007/7/15 11:41:40",  -1,  62,  980,  -40,  25,  4,  0,  42,  -40
2117211, 1184499700, "2007/7/15 11:41:40",  -57,  -81,  1027,  -33,  7,  3,  3,  47,  -36
2117411, 1184499701, "2007/7/15 11:41:41",  -117,  -167,  1002,  -1,  14,  -3,  7,  50,  -35
2117611, 1184499701, "2007/7/15 11:41:41",  -139,  -114,  939,  -1,  -16,  -6,  5,  50,  -34
2117811, 1184499701, "2007/7/15 11:41:41",  -64,  -92,  1055,  28,  -1,  -19,  2,  48,  -36
2118011, 1184499701, "2007/7/15 11:41:41",  -44,  -52,  1131,  32,  -23,  -17,  -1,  45,  -39
2118211, 1184499701, "2007/7/15 11:41:41",  111,  115,  1054,  32,  3,  -14,  -4,  39,  -41
2118411, 1184499702, "2007/7/15 11:41:42",  53,  361,  931,  5,  0,  -7,  -4,  38,  -43
2118611, 1184499702, "2007/7/15 11:41:42",  23,  404,  854,  -26,  12,  -14,  -4,  39,  -42
2118811, 1184499702, "2007/7/15 11:41:42",  -86,  198,  887,  -24,  -1,  -35,  -3,  43,  -40
2119011, 1184499702, "2007/7/15 11:41:42",  -51,  -178,  1075,  -40,  5,  -39,  -4,  50,  -36
2119211, 1184499702, "2007/7/15 11:41:42",  1,  -178,  1060,  -7,  -16,  -26,  -8,  50,  -35
2119411, 1184499703, "2007/7/15 11:41:43",  -14,  -125,  794,  15,  -8,  -25,  -12,  48,  -34
2119611, 1184499703, "2007/7/15 11:41:43",  -16,  -32,  834,  21,  -2,  -25,  -17,  45,  -35
2119811, 1184499703, "2007/7/15 11:41:43",  35,  66,  1131,  29,  7,  -20,  -17,  42,  -36
2120011, 1184499703, "2007/7/15 11:41:43",  64,  144,  1210,  16,  8,  -8,  -15,  38,  -39
2120211, 1184499703, "2007/7/15 11:41:43",  -43,  227,  1000,  -2,  15,  -6,  -16,  37,  -41
2120411, 1184499704, "2007/7/15 11:41:44",  -61,  -4,  803,  13,  -2,  -11,  -16,  38,  -40
2120611, 1184499704, "2007/7/15 11:41:44",  -499,  378,  1024,  -23,  -2,  170,  -7,  35,  -43
2120811, 1184499704, "2007/7/15 11:41:44",  20,  -18,  1153,  3,  13,  32,  -2,  44,  -40
2121011, 1184499704, "2007/7/15 11:41:44",  7,  99,  1023,  -29,  -8,  10,  -1,  43,  -39
2121211, 1184499704, "2007/7/15 11:41:44",  58,  -6,  940,  -10,  42,  30,  3,  45,  -38
2121411, 1184499705, "2007/7/15 11:41:45",  -64,  46,  894,  -7,  9,  -50,  7,  45,  -37
2121611, 1184499705, "2007/7/15 11:41:45",  110,  177,  1081,  -4,  0,  -23,  3,  45,  -38
2121811, 1184499705, "2007/7/15 11:41:45",  -125,  -97,  1015,  12,  16,  -4,  7,  48,  -35
2122011, 1184499705, "2007/7/15 11:41:45",  -435,  -223,  923,  31,  31,  -100,  5,  46,  -38
2122211, 1184499705, "2007/7/15 11:41:45",  -440,  -87,  943,  14,  -15,  -126,  -3,  47,  -36
2122411, 1184499706, "2007/7/15 11:41:46",  -465,  60,  983,  7,  -15,  26,  -9,  44,  -38
2122611, 1184499706, "2007/7/15 11:41:46",  -382,  135,  895,  4,  2,  43,  -3,  42,  -41
2122811, 1184499706, "2007/7/15 11:41:46",  -209,  32,  882,  17,  -27,  -30,  -7,  40,  -42
2123011, 1184499706, "2007/7/15 11:41:46",  -421,  159,  1022,  5,  -3,  -73,  -13,  38,  -40
2123211, 1184499706, "2007/7/15 11:41:46",  -177,  142,  1096,  25,  18,  3,  -14,  36,  -43
2123411, 1184499707, "2007/7/15 11:41:47",  -551,  219,  867,  12,  -35,  -38,  -15,  31,  -41
2123611, 1184499707, "2007/7/15 11:41:47",  -217,  69,  958,  -2,  -4,  16,  -17,  30,  -43
2123811, 1184499707, "2007/7/15 11:41:47",  13,  35,  1016,  -8,  -9,  3,  -16,  35,  -41
2124011, 1184499707, "2007/7/15 11:41:47",  -125,  210,  984,  45,  -24,  49,  -19,  27,  -40
2124211, 1184499707, "2007/7/15 11:41:47",  349,  -1,  799,  26,  -117,  64,  -29,  29,  -37
2124411, 1184499708, "2007/7/15 11:41:48",  434,  457,  527,  2,  -121,  21,  -41,  23,  -26
2124611, 1184499708, "2007/7/15 11:41:48",  1089,  -39,  317,  -66,  -136,  80,  -49,  34,  -4
2124811, 1184499708, "2007/7/15 11:41:48",  1021,  -116,  -76,  -111,  -129,  107,  -42,  41,  16
2125011, 1184499708, "2007/7/15 11:41:48",  1436,  -42,  -162,  -37,  -29,  13,  -31,  40,  31
2125211, 1184499708, "2007/7/15 11:41:48",  1005,  -331,  -371,  -51,  -32,  28,  -30,  32,  35
2125411, 1184499709, "2007/7/15 11:41:49",  785,  -423,  -488,  -65,  14,  36,  -25,  30,  39
2125611, 1184499709, "2007/7/15 11:41:49",  812,  219,  -375,  -29,  107,  -51,  -33,  22,  37
2125811, 1184499709, "2007/7/15 11:41:49",  882,  -189,  -60,  -28,  106,  37,  -43,  20,  25
2126011, 1184499709, "2007/7/15 11:41:49",  809,  -7,  351,  0,  89,  16,  -50,  20,  8
2126211, 1184499709, "2007/7/15 11:41:49",  775,  -118,  600,  62,  112,  -21,  -49,  21,  -5
2126411, 1184499710, "2007/7/15 11:41:50",  227,  183,  972,  20,  92,  -4,  -45,  17,  -22
2126611, 1184499710, "2007/7/15 11:41:50",  57,  44,  1126,  34,  58,  -34,  -38,  15,  -30
2126811, 1184499710, "2007/7/15 11:41:50",  116,  227,  1007,  -49,  -7,  18,  -33,  12,  -35
2127011, 1184499710, "2007/7/15 11:41:50",  -27,  146,  1043,  7,  31,  -29,  -31,  14,  -38
2127211, 1184499710, "2007/7/15 11:41:50",  -176,  114,  1114,  -11,  9,  -44,  -27,  13,  -39
2127411, 1184499711, "2007/7/15 11:41:51",  -97,  167,  949,  -7,  1,  -23,  -26,  11,  -39
2127611, 1184499711, "2007/7/15 11:41:51",  -5088,  -2584,  7084,  59,  -40,  -5,  -23,  13,  -40
2127811, 1184499711, "2007/7/15 11:41:51",  -186,  -44,  1026,  -1,  3,  10,  -23,  13,  -40
2128011, 1184499711, "2007/7/15 11:41:51",  -178,  -23,  974,  3,  1,  -1,  -22,  12,  -41
2128211, 1184499711, "2007/7/15 11:41:51",  -182,  -114,  1007,  11,  -4,  0,  -22,  11,  -42
2128411, 1184499712, "2007/7/15 11:41:52",  -192,  14,  846,  1,  -3,  -4,  -22,  10,  -41
2128611, 1184499712, "2007/7/15 11:41:52",  53,  32,  1005,  -17,  -2,  -7,  -24,  12,  -41
2128811, 1184499712, "2007/7/15 11:41:52",  -116,  25,  914,  2,  5,  -15,  -24,  12,  -41
2129011, 1184499712, "2007/7/15 11:41:52",  -142,  -48,  911,  12,  19,  -18,  -21,  12,  -40
2129211, 1184499712, "2007/7/15 11:41:52",  -136,  -48,  1056,  -3,  -22,  25,  -23,  11,  -42
2129411, 1184499713, "2007/7/15 11:41:53",  -176,  -50,  1068,  -3,  -2,  -2,  -23,  12,  -41
2129611, 1184499713, "2007/7/15 11:41:53",  -168,  -58,  1045,  -1,  -2,  0,  -23,  12,  -42
2129811, 1184499713, "2007/7/15 11:41:53",  -84,  83,  1076,  7,  -8,  0,  -23,  11,  -40
2130011, 1184499713, "2007/7/15 11:41:53",  -169,  61,  1050,  8,  -6,  -1,  -23,  12,  -40
2130211, 1184499713, "2007/7/15 11:41:53",  -64,  19,  1013,  8,  -4,  1,  -26,  10,  -39
2130411, 1184499714, "2007/7/15 11:41:54",  -124,  -9,  948,  2,  1,  0,  -24,  11,  -40
2130611, 1184499714, "2007/7/15 11:41:54",  -152,  5,  921,  -2,  2,  0,  -25,  9,  -40
2130811, 1184499714, "2007/7/15 11:41:54",  -77,  94,  955,  -8,  3,  -1,  -24,  10,  -38
2131011, 1184499714, "2007/7/15 11:41:54",  -148,  42,  972,  -10,  3,  -1,  -25,  12,  -40
2131211, 1184499714, "2007/7/15 11:41:54",  -109,  -26,  1033,  -5,  1,  -2,  -23,  13,  -42
2131411, 1184499715, "2007/7/15 11:41:55",  -135,  -52,  1042,  2,  -2,  -1,  -24,  13,  -41
2131611, 1184499715, "2007/7/15 11:41:55",  -97,  -6,  1035,  7,  -5,  -2,  -25,  11,  -42
2131811, 1184499715, "2007/7/15 11:41:55",  -108,  -27,  1002,  7,  -3,  -1,  -24,  11,  -40
2132011, 1184499715, "2007/7/15 11:41:55",  -97,  19,  995,  3,  -1,  -1,  -25,  11,  -39
2132211, 1184499715, "2007/7/15 11:41:55",  -94,  4,  982,  -2,  2,  -1,  -25,  11,  -40
2132411, 1184499716, "2007/7/15 11:41:56",  -104,  24,  967,  -3,  2,  -1,  -23,  10,  -39
2132611, 1184499716, "2007/7/15 11:41:56",  -118,  1,  967,  -4,  0,  0,  -25,  10,  -39
2132811, 1184499716, "2007/7/15 11:41:56",  -125,  -23,  989,  -3,  -1,  -1,  -23,  11,  -40
2133011, 1184499716, "2007/7/15 11:41:56",  -130,  -25,  996,  -4,  0,  -1,  -24,  11,  -39
2133211, 1184499716, "2007/7/15 11:41:56",  -87,  -1,  1029,  -2,  0,  -1,  -24,  11,  -40
2133411, 1184499717, "2007/7/15 11:41:57",  -124,  -47,  1035,  1,  1,  -1,  -24,  12,  -39
2133611, 1184499717, "2007/7/15 11:41:57",  -120,  -19,  1027,  3,  2,  -1,  -24,  12,  -40
2133811, 1184499717, "2007/7/15 11:41:57",  -128,  -25,  982,  4,  2,  -1,  -23,  11,  -41
2134011, 1184499717, "2007/7/15 11:41:57",  -130,  5,  951,  2,  2,  -1,  -25,  11,  -40
2134211, 1184499717, "2007/7/15 11:41:57",  -154,  -3,  916,  0,  1,  -1,  -24,  11,  -41
2134411, 1184499718, "2007/7/15 11:41:58",  -98,  25,  918,  -3,  -1,  -1,  -25,  10,  -39
2134611, 1184499718, "2007/7/15 11:41:58",  -120,  15,  908,  -4,  -5,  -2,  -24,  11,  -39
2134811, 1184499718, "2007/7/15 11:41:58",  -114,  -16,  1032,  -3,  -7,  -1,  -23,  11,  -39
2135011, 1184499718, "2007/7/15 11:41:58",  -123,  -27,  1093,  0,  -8,  -2,  -26,  11,  -39
2135211, 1184499718, "2007/7/15 11:41:58",  -99,  -57,  1068,  2,  -5,  0,  -26,  11,  -40
2135411, 1184499719, "2007/7/15 11:41:59",  -111,  -39,  1074,  3,  1,  0,  -28,  9,  -38
2135611, 1184499719, "2007/7/15 11:41:59",  -528,  121,  1075,  8,  0,  0,  -27,  11,  -37
2135811, 1184499719, "2007/7/15 11:41:59",  -149,  -107,  936,  3,  6,  1,  -24,  10,  -39
2136011, 1184499719, "2007/7/15 11:41:59",  -100,  56,  849,  2,  7,  0,  -24,  9,  -39
2136211, 1184499719, "2007/7/15 11:41:59",  -112,  53,  903,  0,  4,  0,  -24,  9,  -40
2136411, 1184499720, "2007/7/15 11:42:0",  -57,  -109,  942,  -2,  4,  -1,  -23,  8,  -39
2136611, 1184499720, "2007/7/15 11:42:0",  -117,  -15,  968,  -5,  4,  -14,  -24,  9,  -39
2136811, 1184499720, "2007/7/15 11:42:0",  84,  165,  1040,  3,  -16,  11,  -25,  9,  -40
2137011, 1184499720, "2007/7/15 11:42:0",  -90,  -37,  1014,  0,  -4,  -1,  -24,  8,  -38
2137211, 1184499720, "2007/7/15 11:42:0",  -75,  74,  1011,  9,  -4,  1,  -24,  9,  -39
2137411, 1184499721, "2007/7/15 11:42:1",  -93,  18,  1025,  -7,  -1,  -1,  -26,  8,  -39
2137611, 1184499721, "2007/7/15 11:42:1",  -136,  -15,  1023,  0,  -1,  -1,  -25,  10,  -39
2137811, 1184499721, "2007/7/15 11:42:1",  -116,  -10,  1027,  1,  -2,  0,  -27,  10,  -40
2138011, 1184499721, "2007/7/15 11:42:1",  -91,  15,  1022,  0,  -1,  0,  -26,  9,  -39
2138211, 1184499721, "2007/7/15 11:42:1",  -105,  -1,  1045,  -1,  2,  0,  -27,  9,  -39
2138411, 1184499722, "2007/7/15 11:42:2",  -102,  92,  1027,  -15,  -1,  1,  -27,  10,  -39
2138611, 1184499722, "2007/7/15 11:42:2",  -163,  15,  1002,  2,  -1,  0,  -24,  9,  -39
2138811, 1184499722, "2007/7/15 11:42:2",  -54,  105,  999,  0,  -2,  -1,  -25,  10,  -40
2139011, 1184499722, "2007/7/15 11:42:2",  -120,  32,  951,  -2,  -4,  4,  -25,  10,  -39
2139211, 1184499722, "2007/7/15 11:42:2",  -73,  95,  967,  0,  -3,  -1,  -26,  10,  -39
2139411, 1184499723, "2007/7/15 11:42:3",  -128,  -12,  1024,  -2,  -3,  -2,  -24,  10,  -38
2139611, 1184499723, "2007/7/15 11:42:3",  -122,  51,  1016,  0,  -4,  -1,  -27,  9,  -38
2139811, 1184499723, "2007/7/15 11:42:3",  -93,  -15,  1055,  2,  -2,  0,  -26,  10,  -38
2140011, 1184499723, "2007/7/15 11:42:3",  -233,  32,  1080,  1,  -2,  -1,  -29,  9,  -39
2140211, 1184499723, "2007/7/15 11:42:3",  -75,  63,  1015,  -2,  0,  -1,  -26,  8,  -38
2140411, 1184499724, "2007/7/15 11:42:4",  -118,  8,  941,  -1,  3,  -1,  -24,  10,  -38
2140611, 1184499724, "2007/7/15 11:42:4",  -86,  -22,  932,  0,  2,  0,  -26,  9,  -40
2140811, 1184499724, "2007/7/15 11:42:4",  -105,  41,  958,  0,  -2,  -1,  -25,  9,  -41
2141011, 1184499724, "2007/7/15 11:42:4",  -108,  -13,  1008,  2,  -5,  0,  -23,  9,  -39
2141211, 1184499724, "2007/7/15 11:42:4",  -88,  23,  1037,  1,  -6,  -1,  -26,  11,  -38
2141411, 1184499725, "2007/7/15 11:42:5",  -80,  -6,  1040,  2,  -5,  0,  -26,  7,  -38
2141611, 1184499725, "2007/7/15 11:42:5",  -41,  40,  1022,  -2,  -1,  -1,  -26,  9,  -39
2141811, 1184499725, "2007/7/15 11:42:5",  -41,  18,  1017,  -3,  3,  -1,  -25,  8,  -40
2142011, 1184499725, "2007/7/15 11:42:5",  -109,  37,  1015,  -5,  4,  -1,  -25,  12,  -39
2142211, 1184499725, "2007/7/15 11:42:5",  -131,  -12,  1018,  -1,  1,  -1,  -25,  10,  -39
2142411, 1184499726, "2007/7/15 11:42:6",  -101,  7,  1007,  3,  -4,  -1,  -24,  11,  -39
2142611, 1184499726, "2007/7/15 11:42:6",  -81,  -31,  990,  7,  -7,  0,  -25,  9,  -39
2142811, 1184499726, "2007/7/15 11:42:6",  -76,  58,  1000,  3,  -5,  0,  -26,  7,  -38
2143011, 1184499726, "2007/7/15 11:42:6",  -81,  22,  1006,  -1,  -2,  0,  -27,  8,  -38
2143211, 1184499726, "2007/7/15 11:42:6",  -36,  28,  1012,  -6,  3,  -1,  -27,  8,  -39
2143411, 1184499727, "2007/7/15 11:42:7",  -52,  -2,  1012,  -5,  4,  -1,  -25,  11,  -39
2143611, 1184499727, "2007/7/15 11:42:7",  -64,  12,  1018,  -5,  3,  -2,  -26,  11,  -39
2143811, 1184499727, "2007/7/15 11:42:7",  -75,  -36,  1024,  -1,  0,  -1,  -25,  12,  -39
2144011, 1184499727, "2007/7/15 11:42:7",  -61,  -25,  1025,  1,  -3,  -1,  -25,  10,  -40
